id,banco,agencia,conta,tipoConta,titularConta,cpfTitular,pix
1,Banco Daycoval,1403,956527-7,Poupança,Opal,570.892.258-85,tf017h374k678793rohrk
2,Banco Votorantim,3335,206253-5,Corrente,Babbette,312.558.174-03,ar186w310j760616elnbu
3,Banco Pan,0017,426164-8,Corrente,Ursola,774.562.048-89,dz795i059d087946luskf
4,Caixa Econômica Federal,1156,795370-6,Corrente,Rycca,564.254.488-08,lx144l152q421918qjjyd
5,Banco Mercantil do Brasil,2194,152840-5,Corrente,Felike,248.153.278-44,dw829j061d739006palmh
6,Banco Inter,5436,129695-5,Poupança,Hasheem,131.900.034-84,ma758i653n971562wdcki
7,Banco do Brasil,1533,217204-5,Poupança,Keith,645.957.906-99,ol785h341i583296yszhs
8,Banco Original,2660,938919-2,Poupança,Ephrayim,194.021.702-52,fo219n763o593179bgxcp
9,Banco do Brasil,2470,139706-8,Poupança,Caterina,949.309.473-28,kp424i232g065676srlnw
10,Banco Original,8831,690540-7,Poupança,Bo,949.628.907-92,aw936j761o571678twphc
11,Banco Original,8182,520658-0,Poupança,Weston,949.503.264-97,xc374w930a761767mnypi
12,Banco Itaú,7120,629119-8,Corrente,Annette,924.424.146-17,ji137q503x906514xjksf
13,Banco BMG,9148,329876-7,Corrente,Merci,466.491.856-43,kt325x246v902222ohfoo
14,Banco Original,6421,114049-5,Poupança,Barnie,013.072.385-27,ga112m342f613617ipqxx
15,Banco Daycoval,9208,189182-1,Poupança,Ilyse,528.493.768-25,pt814p334a812051fqovc
16,Banco Daycoval,8654,985906-0,Poupança,Wilhelmine,994.534.924-32,pd643v088h174362mzwdm
17,Banco Votorantim,9210,798428-5,Poupança,Yorgos,715.182.788-79,xu109w673l220010retpb
18,Banco BMG,2088,102130-6,Poupança,Buiron,996.560.535-44,li231j737c606284xuxgw
19,Banco Pan,4704,925631-3,Corrente,Denice,891.100.068-41,rm132j418t177561yukit
20,Banco Santander,3118,153523-1,Corrente,Giraud,148.620.888-24,cu023q337u417091pocvr
21,Banco Mercantil do Brasil,3803,938065-7,Corrente,Elenore,329.978.991-77,xm744s711v256223jotbj
22,Banco Original,1935,606832-1,Poupança,Cammie,883.608.219-58,re707g562s892739jlwge
23,Banco do Brasil,4633,653203-3,Corrente,Antons,463.770.920-88,fp205b506z147026iqiad
24,Banco Neon,5614,563357-3,Poupança,Scott,265.043.594-66,ne566w902l100877lhghg
25,Banco Votorantim,2226,874404-4,Poupança,Maddalena,242.980.342-23,iy410x897a070043rfihq
26,Banco Votorantim,6655,178789-3,Corrente,Nye,550.376.666-73,xe150b366x528922pbnza
27,Banco Daycoval,1296,832797-8,Poupança,Jasmin,074.262.341-86,ff832o244y640649acezy
28,Banco do Brasil,5582,709436-1,Poupança,Silas,112.676.779-89,vw674w685s613252dvnub
29,Banco BMG,7340,259263-3,Corrente,Judi,684.038.708-21,tf378v248f106396svwxm
30,Banco Santander,8343,674070-1,Corrente,Jeno,066.170.007-05,oz114c837m793750tqqxx
31,Banco Original,6723,256794-3,Corrente,Dela,095.809.304-56,ae181s315t818549niefx
32,Caixa Econômica Federal,2883,554159-1,Poupança,Julianna,657.906.340-03,pe142g946y984155uwakn
33,Banco BTG Pactual,3206,400936-4,Poupança,Clarisse,081.261.263-09,cv135y265q257295bigjs
34,Banco BMG,6476,947897-3,Corrente,Tildie,366.104.503-62,su802t199z676842prlpc
35,Banco Daycoval,4666,146418-5,Corrente,Hale,174.218.356-60,qj640k967k990749kogkt
36,Banco Rendimento,6270,116683-7,Poupança,Wade,846.774.738-99,jw885s586p200289pdrka
37,Banco Itaú,1938,849365-5,Corrente,Corbin,397.401.770-05,bn300n193o181278aezpw
38,Banco Daycoval,6612,318999-2,Corrente,Rebekah,367.662.653-28,wj139h201b480782ocdgt
39,Banco Inter,6958,953221-1,Poupança,Lona,277.406.916-63,qw805t052q925458fkmde
40,Banco Renner,2580,053512-0,Poupança,Alon,079.195.693-34,mb267t349a749659kruyz
41,Banco do Brasil,5096,334219-2,Poupança,Ashleigh,022.984.208-29,xi644h739s805433ggggh
42,Banco Mercantil do Brasil,8098,039614-2,Poupança,Kareem,393.776.478-36,qm456r662e824986cjvwb
43,Banco Bradesco,8879,578436-0,Corrente,Matelda,827.381.993-68,tr486q999p503202ttrhn
44,Banco Mercantil do Brasil,6059,877426-1,Corrente,Alistair,401.211.579-65,dj167v602h926896pryre
45,Banco Pine,6479,978245-7,Poupança,Anni,317.425.448-78,jh354p899p722771bhoag
46,Banco Pan,5600,785222-4,Poupança,Mariana,306.934.391-93,dt188y888r000897jfwkf
47,Banco Original,4991,880548-9,Corrente,Ansley,859.727.696-64,qf635b377s832694tvsic
48,Banco Votorantim,1689,722660-5,Poupança,Reinwald,000.538.023-10,uu161s261h011170lhfdy
49,Banco Votorantim,6885,089182-5,Corrente,Bride,699.678.718-52,rl412d108v824281jmvcj
50,Banco Inter,9589,952790-7,Poupança,Buddie,492.420.068-13,du759w238d512341hqdkd
51,Banco Santander,7237,474212-6,Poupança,Maurita,217.467.284-84,eb888r888j320910lcmsq
52,Banco Pine,6053,350537-6,Corrente,Selby,421.179.248-96,ya432p908x624459avfer
53,Banco Safra,4494,838684-9,Poupança,Tansy,877.049.087-63,ue899s249m985811dpsqy
54,Banco Itaú,0304,796509-2,Corrente,Rickie,567.670.635-25,eq694f699v651918yrhzr
55,Banco Rendimento,0038,031549-4,Poupança,Rivalee,435.077.689-93,pc873f805r996699mfvnl
56,Banco Rendimento,3909,350146-6,Corrente,Marcie,394.167.101-11,kj516m762r553130nghxk
57,Banco Pan,7865,343214-8,Poupança,Berkeley,180.525.191-95,yv174r405l249502ssyqd
58,Banco do Brasil,7307,078017-5,Corrente,Rozella,209.385.730-62,nc786v848p767522vmhrq
59,Banco Votorantim,4812,758131-3,Corrente,Ania,228.023.960-89,hn407w573x685563krdqq
60,Banco Rendimento,5337,109141-6,Poupança,Kelbee,237.717.795-15,fr746w964b721190llsnu
61,Banco Itaú,6492,161772-0,Corrente,Bunny,680.638.758-32,lm188t476y925225olpex
62,Banco Bradesco,7202,630124-1,Poupança,Madel,553.957.420-50,fc700y835l679365jftdg
63,Banco Neon,2460,343764-9,Poupança,Grant,736.444.242-88,jq056v945e073690mocnp
64,Banco Neon,8279,294414-1,Poupança,Tally,834.578.548-02,nu423y658k126156zizej
65,Banco Inter,9652,932595-1,Corrente,Mathilde,830.532.394-72,te259k242d167494tbvgf
66,Banco Mercantil do Brasil,3712,060979-7,Corrente,Lorine,298.147.803-25,vj656f284b022197jnicf
67,Banco Safra,1612,012127-8,Corrente,Christin,791.348.235-68,mi608i268m195096hsdnb
68,Banco Santander,4356,181743-8,Corrente,Frasco,210.490.958-11,ps308v362o280986hzqsk
69,Banco Mercantil do Brasil,4661,206149-0,Poupança,Emlyn,200.096.871-18,lf327r707k123959unozk
70,Banco Neon,0585,725369-1,Corrente,Benedetto,504.123.593-84,nz739h909k032888kuokv
71,Banco Inter,2187,418246-7,Corrente,Thurston,034.638.022-40,qe051r094b871511gofbf
72,Banco Safra,8713,651111-4,Corrente,Osgood,147.927.354-09,mx855p504u623723fbedj
73,Banco Itaú,7969,393291-2,Poupança,Archibaldo,142.437.535-21,jo849h366q366085qahog
74,Banco Bradesco,2314,940521-3,Poupança,Corene,880.577.774-58,bx564c966x967584moent
75,Banco Bradesco,2500,359750-2,Poupança,Britt,903.426.366-44,gs274b991p331052beafu
76,Banco Santander,6254,522477-2,Corrente,Jacquette,968.638.377-30,dq402x793p996357oodbd
77,Banco Safra,3060,474443-7,Poupança,Herschel,530.745.241-47,ag439y804r928343nnwrz
78,Banco BTG Pactual,3587,063274-4,Poupança,Glenn,798.105.328-42,gs980d337k942626ejfzg
79,Banco Daycoval,6580,341537-3,Poupança,Billy,578.526.785-03,he818j216i335106ksjko
80,Banco Daycoval,5252,917231-4,Poupança,Martin,048.790.643-13,uv984a275x003983mxtvu
81,Banco BMG,1461,728428-5,Corrente,Tan,395.489.573-78,jd730n915q103767tkrpq
82,Banco Bradesco,0734,583763-6,Corrente,Teodor,745.382.250-86,rm600s885l126466bjpfw
83,Caixa Econômica Federal,3533,004246-5,Corrente,Shamus,837.469.079-49,cx256e905m119633tdqyt
84,Banco do Brasil,3409,088926-9,Corrente,Kaleb,181.603.856-81,lb869o782r425208hirwq
85,Banco Daycoval,1729,794831-9,Corrente,Rosana,275.630.108-95,nh492h706x855428kjxws
86,Banco Mercantil do Brasil,8495,008800-0,Poupança,Lynn,954.511.846-37,pn689r467u966485xgaee
87,Banco do Brasil,6356,481110-3,Poupança,Rita,449.796.880-67,mv874d551l248673fmxiw
88,Banco BTG Pactual,6167,535245-1,Poupança,Belle,359.310.827-14,wb786y181i680929hkofp
89,Banco Renner,7752,859970-4,Corrente,Jobi,356.756.977-64,yr401f137b591210gajfk
90,Banco Bradesco,1347,686071-6,Corrente,Sonnie,150.020.430-68,nm751u026i698401frwkt
91,Banco Pan,2003,539015-8,Corrente,Willow,173.443.639-72,uv518u000i237123qsyxv
92,Banco Itaú,9547,237027-8,Corrente,Dorthea,716.722.936-13,yk865a536d350533racjq
93,Banco Pine,4525,749150-3,Corrente,Shelley,718.607.160-34,ea118a451s250454weyfa
94,Banco Votorantim,9261,491409-9,Poupança,Dina,609.334.678-04,qk091t661c600179pfomo
95,Banco Inter,7535,861408-4,Poupança,Grange,980.895.830-98,sd874u687u328834mygis
96,Banco Daycoval,5480,098375-5,Corrente,Cesar,485.300.313-75,oa781e295l192688ijegu
97,Banco Bradesco,2560,743664-8,Corrente,Bren,079.891.754-57,pt280f069c209427qgrzx
98,Banco BTG Pactual,0137,665919-5,Corrente,Willamina,583.295.484-26,vr251m590r316181wdtza
