id,Usuario_id,rendaMensal,comprovanteEndereco
1,1,10627.88,bunqkkasbfc
2,2,9785.61,kxjzzzkudxg
3,3,9282.05,olltlvnssox
4,4,7302.06,tiulqjnapwv
5,5,14146.26,zhjlngojjym
6,6,12103.96,qnxfdkmhcki
7,7,9911.85,rjmknaxwnpg
8,8,7126.37,vjqauwlqgbv
9,9,6720.31,shxqwvcrpbv
10,10,10523.17,lhntlzurdgj
11,11,7665.83,atgvhhhvjcp
12,12,14999.87,pzlsduwgrta
13,13,5581.71,wbrcvfxznhm
14,14,5058.23,osskfbzqpwc
15,15,6383.2,lduevgzfvrr
16,16,13032.87,svvllbxfiem
17,17,5944.63,xuzopqhwgya
18,18,7713.94,nadsxmlqnpt
19,19,14157.5,rhwdyobtwoq
20,20,14946.5,cfxavpkbzoi
21,21,7504.84,ibqbobilitq
22,22,7571.67,pueeiyndlwc
23,23,9678.05,ouyvxamppty
24,24,14265.63,vggtfltdwpp
25,25,9348.23,vofnhuuhqqa
26,26,13700.14,afqhzqdtedk
27,27,8408.2,hitpbvdjbsv
28,28,5158.9,mliiazxopao
29,29,8370.54,jpuindqcqrv
30,30,9487.64,rzkjwahtkrm
31,31,8452.65,xfpvgtxtzsp
32,32,6217.76,rdpcavnchqs
33,33,10077.67,uawvzktbvmo
34,34,6106.85,zlorcumodwu
35,35,12026.46,osvlmngrwsf
36,36,8543.77,qmicgicwrha
37,37,7500.04,hwfaanpoilp
38,38,11370.23,eeujykisezg
39,39,6844.35,nfvyqzehahx
40,40,9467.19,psvlwuwvlkk
41,41,6381.5,zwbqiahmajb
42,42,12041.19,fwgdwynufit
43,43,6658.4,ogrtvitulzo
44,44,10927.63,wbbedynqlxs
45,45,14328.94,wionfawcplq
46,46,12821.78,agfkhzktdws
47,47,12331.33,vacombmqtho
48,48,5944.09,emjchlrjblc
49,49,9547.71,ldvoclvetsx
50,50,11984.2,yrdbprackgh
51,51,13307.42,jpqbatdbztw
52,52,11204.16,bnveyreyecc
53,53,13401.3,ljiabufjysm
54,54,6418.21,zopslpffhhf
55,55,11043.5,oggupurraay
56,56,13101.7,afbablazjyr
57,57,10111.52,xzjboempush
58,58,14641.93,yogbuxszmdi
59,59,7468.85,kqdkpezvlvh
60,60,8253.05,fvpfkoiqzea
61,61,14404.4,waqnnvfbqzi
62,62,11364.15,ibraczkcegy
63,63,14828.33,kvfoqglhpxz
64,64,12702.94,yeccyqfybjz
65,65,5834.0,qknvwwmogsd
66,66,9520.75,vkaqkezwsnf
67,67,9646.04,ijkerkpeoso
68,68,7970.52,ojbefkxdope
69,69,11713.23,jyhbjqsqodl
70,70,7837.79,zzoyuwnygty
71,71,6662.53,nzqdjuaklqc
72,72,7662.89,avwsnclslat
73,73,9905.96,jvqznqmwwea
74,74,9440.16,qoapwiajsfu
75,75,13566.51,fmihgiafeov
76,76,7128.31,cncwrghjssa
77,77,11100.9,pjbhsjfucxj
78,78,13659.72,rzijkexpohq
79,79,8924.89,mwtgrkeuqls
80,80,14454.26,pcnqheeorgf
81,81,14356.13,adltjczybya
82,82,9317.55,aahdveehqtj
83,83,6232.38,jojsnaufajk
84,84,11314.1,xgkfquauord
85,85,7686.92,cmdkoozizmi
86,86,9845.43,czcrkekhsym
87,87,5249.79,gpeipahulzj
88,88,14870.08,mnmkczzrbdt
89,89,9683.15,zdimvlawuzp
90,90,7112.0,hfezlnolhyv
91,91,13537.99,pjkilmaopiu
92,92,8464.13,ngsifauozjy
93,93,5728.41,sehhrybnmao
94,94,12629.92,kybdeugngeh
95,95,13623.21,dzhlfnlotxp
96,96,9448.58,euktbgkxwzw
97,97,11974.28,oreuthawved
98,98,5935.33,tjcaczxrgwo
99,99,8754.47,qswmxtbetvz
100,100,14099.41,whggcildopx
101,101,13971.61,whlrtseippt
102,102,7193.51,wbwdbmuyuxs
103,103,5518.5,dhswfxfdmru
104,104,11811.85,ijpjucbcyyq
105,105,6089.59,gnimgofiqvm
106,106,9471.83,pewbzcnguay
107,107,8323.72,beqsjhmcpgl
108,108,13825.65,xycimtpydcs
109,109,14779.12,yekgowtpyyl
110,110,14585.3,fcsfednxvpm
111,111,7468.26,yeodwmeyjak
112,112,5819.44,dptwtjfemux
113,113,13507.1,xwzawwshqbv
114,114,10908.52,gymvpycvmzf
115,115,7773.65,qtebhivxemj
116,116,14120.64,xvorjhzpjxy
117,117,6088.6,mvuygoyfatq
118,118,11000.96,ilhhhvbhtnp
119,119,11554.01,nrgqopugcur
120,120,6136.08,lesjzmcihqj
121,121,12061.58,casqwbpcfcg
122,122,6757.25,sbnauhnqvyo
123,123,8783.67,maipzeusyor
124,124,5421.32,fmcaobdroue
125,125,10748.15,fwiykbujgti
126,126,14621.01,pjogdqghbej
